"0","View(training)"
"0","glimpse(training)"
"1","Observations: 50
"
"1","Variables: 82
"
"1","$ Id            [3m[38;5;246m<dbl>[39m[23m 912, 1075, 629, 149, 681, 1110, 438, 1050, 468, 910, 808, 1287, 1367, 1246, 447, 821, 4‚Ä¶
"
"1","$ MSSubClass    [3m[38;5;246m<dbl>[39m[23m 20, 20, 60, 20, 120, 20, 45, 20, 70, 60, 70, 20, 60, 80, 20, 60, 60, 30, 90, 60, 70, 60‚Ä¶
"
"1","$ MSZoning      [3m[38;5;246m<chr>[39m[23m ""RL"", ""RL"", ""RL"", ""RL"", ""RL"", ""RL"", ""RM"", ""RL"", ""RL"", ""RL"", ""RL"", ""RL"", ""RL"", ""RL"", ""RL‚Ä¶
"
"1","$ LotFrontage   [3m[38;5;246m<dbl>[39m[23m NA, 74, 70, 63, 50, 107, 50, 60, 79, 149, 144, NA, 68, 78, 137, 72, 92, NA, 85, 68, 63,‚Ä¶
"
"1","$ LotArea       [3m[38;5;246m<dbl>[39m[23m 9286, 8556, 11606, 7500, 8012, 11362, 6000, 11100, 9480, 12589, 21384, 9790, 9179, 1209‚Ä¶
"
"1","$ Street        [3m[38;5;246m<chr>[39m[23m ""Pave"", ""Pave"", ""Pave"", ""Pave"", ""Pave"", ""Pave"", ""Pave"", ""Pave"", ""Pave"", ""Pave"", ""Pave"",‚Ä¶
"
"1","$ Alley         [3m[38;5;246m<chr>[39m[23m NA, NA, NA, NA, NA, NA, NA, NA, NA, NA, NA, NA, NA, NA, NA, NA, NA, NA, NA, NA, NA, NA,‚Ä¶
"
"1","$ LotShape      [3m[38;5;246m<chr>[39m[23m ""IR1"", ""Reg"", ""IR1"", ""Reg"", ""Reg"", ""IR1"", ""Reg"", ""Reg"", ""Reg"", ""IR2"", ""Reg"", ""Reg"", ""IR‚Ä¶
"
"1","$ LandContour   [3m[38;5;246m<chr>[39m[23m ""Lvl"", ""Lvl"", ""HLS"", ""Lvl"", ""Lvl"", ""Lvl"", ""Lvl"", ""Low"", ""Lvl"", ""Lvl"", ""Lvl"", ""Lvl"", ""Lv‚Ä¶
"
"1","$ Utilities     [3m[38;5;246m<chr>[39m[23m ""AllPub"", ""AllPub"", ""AllPub"", ""AllPub"", ""AllPub"", ""AllPub"", ""AllPub"", ""AllPub"", ""AllPub‚Ä¶
"
"1","$ LotConfig     [3m[38;5;246m<chr>[39m[23m ""CulDSac"", ""Inside"", ""Inside"", ""Inside"", ""Inside"", ""Inside"", ""Inside"", ""Inside"", ""Insid‚Ä¶
"
"1","$ LandSlope     [3m[38;5;246m<chr>[39m[23m ""Mod"", ""Gtl"", ""Sev"", ""Gtl"", ""Gtl"", ""Gtl"", ""Gtl"", ""Gtl"", ""Gtl"", ""Gtl"", ""Gtl"", ""Gtl"", ""Gt‚Ä¶
"
"1","$ Neighborhood  [3m[38;5;246m<chr>[39m[23m ""CollgCr"", ""CollgCr"", ""NAmes"", ""SawyerW"", ""SawyerW"", ""NridgHt"", ""BrkSide"", ""Edwards"", ""‚Ä¶
"
"1","$ Condition1    [3m[38;5;246m<chr>[39m[23m ""Norm"", ""Norm"", ""Norm"", ""Norm"", ""Norm"", ""Norm"", ""Norm"", ""Norm"", ""Artery"", ""Norm"", ""Norm‚Ä¶
"
"1","$ Condition2    [3m[38;5;246m<chr>[39m[23m ""Norm"", ""Norm"", ""Norm"", ""Norm"", ""Norm"", ""Norm"", ""Norm"", ""Norm"", ""Norm"", ""Norm"", ""Norm"",‚Ä¶
"
"1","$ BldgType      [3m[38;5;246m<chr>[39m[23m ""1Fam"", ""1Fam"", ""1Fam"", ""1Fam"", ""TwnhsE"", ""1Fam"", ""1Fam"", ""1Fam"", ""1Fam"", ""1Fam"", ""1Fam‚Ä¶
"
"1","$ HouseStyle    [3m[38;5;246m<chr>[39m[23m ""1Story"", ""1Story"", ""2Story"", ""1Story"", ""1Story"", ""1Story"", ""1.5Unf"", ""1Story"", ""2Story‚Ä¶
"
"1","$ OverallQual   [3m[38;5;246m<dbl>[39m[23m 5, 7, 5, 7, 6, 8, 6, 4, 5, 6, 5, 6, 7, 6, 6, 7, 7, 4, 5, 7, 6, 7, 7, 7, 6, 5, 9, 5, 7, ‚Ä¶
"
"1","$ OverallCond   [3m[38;5;246m<dbl>[39m[23m 7, 5, 5, 5, 5, 5, 7, 7, 7, 5, 6, 5, 5, 7, 6, 5, 6, 5, 5, 5, 7, 5, 5, 5, 5, 5, 5, 7, 5, ‚Ä¶
"
"1","$ YearBuilt     [3m[38;5;246m<dbl>[39m[23m 1977, 2006, 1969, 2004, 1980, 2004, 1926, 1946, 1942, 2005, 1923, 1963, 1999, 1984, 196‚Ä¶
"
"1","$ YearRemodAdd  [3m[38;5;246m<dbl>[39m[23m 1989, 2006, 1969, 2005, 1980, 2005, 2004, 2006, 1995, 2005, 2004, 1963, 1999, 2003, 200‚Ä¶
"
"1","$ RoofStyle     [3m[38;5;246m<chr>[39m[23m ""Gable"", ""Gable"", ""Gable"", ""Gable"", ""Gable"", ""Gable"", ""Gable"", ""Gable"", ""Gable"", ""Gable‚Ä¶
"
"1","$ RoofMatl      [3m[38;5;246m<chr>[39m[23m ""CompShg"", ""CompShg"", ""CompShg"", ""CompShg"", ""CompShg"", ""CompShg"", ""CompShg"", ""CompShg"",‚Ä¶
"
"1","$ Exterior1st   [3m[38;5;246m<chr>[39m[23m ""HdBoard"", ""VinylSd"", ""Plywood"", ""VinylSd"", ""Plywood"", ""MetalSd"", ""Wd Sdng"", ""MetalSd"",‚Ä¶
"
"1","$ Exterior2nd   [3m[38;5;246m<chr>[39m[23m ""Plywood"", ""VinylSd"", ""Plywood"", ""VinylSd"", ""Plywood"", ""MetalSd"", ""Wd Sdng"", ""MetalSd"",‚Ä¶
"
"1","$ MasVnrType    [3m[38;5;246m<chr>[39m[23m ""None"", ""None"", ""BrkFace"", ""BrkFace"", ""None"", ""Stone"", ""None"", ""None"", ""Stone"", ""None"",‚Ä¶
"
"1","$ MasVnrArea    [3m[38;5;246m<dbl>[39m[23m 0, 0, 192, 120, 0, 42, 0, 0, 224, 0, 0, 451, 158, 74, 0, 0, 0, 0, 95, 95, 0, 246, 0, 0,‚Ä¶
"
"1","$ ExterQual     [3m[38;5;246m<chr>[39m[23m ""TA"", ""Gd"", ""TA"", ""TA"", ""TA"", ""Gd"", ""Gd"", ""TA"", ""TA"", ""Gd"", ""TA"", ""TA"", ""Gd"", ""TA"", ""Gd‚Ä¶
"
"1","$ ExterCond     [3m[38;5;246m<chr>[39m[23m ""TA"", ""TA"", ""TA"", ""TA"", ""TA"", ""TA"", ""TA"", ""TA"", ""TA"", ""TA"", ""TA"", ""TA"", ""TA"", ""TA"", ""TA‚Ä¶
"
"1","$ Foundation    [3m[38;5;246m<chr>[39m[23m ""CBlock"", ""PConc"", ""PConc"", ""PConc"", ""CBlock"", ""PConc"", ""PConc"", ""CBlock"", ""CBlock"", ""P‚Ä¶
"
"1","$ BsmtQual      [3m[38;5;246m<chr>[39m[23m ""Gd"", ""Gd"", ""Gd"", ""Gd"", ""Gd"", ""Ex"", ""TA"", NA, ""TA"", ""Gd"", ""TA"", ""TA"", ""Gd"", ""Gd"", ""TA"",‚Ä¶
"
"1","$ BsmtCond      [3m[38;5;246m<chr>[39m[23m ""Gd"", ""TA"", ""TA"", ""TA"", ""TA"", ""TA"", ""TA"", NA, ""TA"", ""TA"", ""TA"", ""TA"", ""TA"", ""TA"", ""TA"",‚Ä¶
"
"1","$ BsmtExposure  [3m[38;5;246m<chr>[39m[23m ""Av"", ""Av"", ""Av"", ""No"", ""No"", ""Mn"", ""No"", NA, ""No"", ""No"", ""Gd"", ""No"", ""No"", ""No"", ""No"",‚Ä¶
"
"1","$ BsmtFinType1  [3m[38;5;246m<chr>[39m[23m ""ALQ"", ""Unf"", ""Rec"", ""GLQ"", ""BLQ"", ""GLQ"", ""Unf"", NA, ""LwQ"", ""Unf"", ""GLQ"", ""ALQ"", ""GLQ"",‚Ä¶
"
"1","$ BsmtFinSF1    [3m[38;5;246m<dbl>[39m[23m 196, 0, 650, 680, 543, 1039, 0, 0, 386, 0, 1309, 569, 633, 0, 247, 0, 0, 266, 0, 0, 0, ‚Ä¶
"
"1","$ BsmtFinType2  [3m[38;5;246m<chr>[39m[23m ""Unf"", ""Unf"", ""Unf"", ""Unf"", ""BLQ"", ""Unf"", ""Unf"", NA, ""Unf"", ""Unf"", ""Unf"", ""Rec"", ""Unf"",‚Ä¶
"
"1","$ BsmtFinSF2    [3m[38;5;246m<dbl>[39m[23m 0, 0, 0, 0, 119, 0, 0, 0, 0, 0, 0, 81, 0, 0, 713, 0, 0, 0, 0, 0, 0, 0, 0, 0, 208, 0, 0,‚Ä¶
"
"1","$ BsmtUnfSF     [3m[38;5;246m<dbl>[39m[23m 1072, 1240, 390, 400, 261, 797, 884, 0, 342, 742, 15, 678, 240, 585, 557, 798, 808, 522‚Ä¶
"
"1","$ TotalBsmtSF   [3m[38;5;246m<dbl>[39m[23m 1268, 1240, 1040, 1080, 923, 1836, 884, 0, 728, 742, 1324, 1328, 873, 585, 1517, 798, 8‚Ä¶
"
"1","$ Heating       [3m[38;5;246m<chr>[39m[23m ""GasA"", ""GasA"", ""GasA"", ""GasA"", ""GasA"", ""GasA"", ""GasA"", ""GasA"", ""GasA"", ""GasA"", ""GasA"",‚Ä¶
"
"1","$ HeatingQC     [3m[38;5;246m<chr>[39m[23m ""TA"", ""Ex"", ""TA"", ""Ex"", ""TA"", ""Ex"", ""Gd"", ""Ex"", ""Ex"", ""Ex"", ""Ex"", ""TA"", ""Ex"", ""Ex"", ""Ex‚Ä¶
"
"1","$ CentralAir    [3m[38;5;246m<chr>[39m[23m ""Y"", ""Y"", ""Y"", ""Y"", ""Y"", ""Y"", ""Y"", ""Y"", ""Y"", ""Y"", ""Y"", ""Y"", ""Y"", ""Y"", ""Y"", ""Y"", ""Y"", ""Y‚Ä¶
"
"1","$ Electrical    [3m[38;5;246m<chr>[39m[23m ""SBrkr"", ""SBrkr"", ""SBrkr"", ""SBrkr"", ""SBrkr"", ""SBrkr"", ""SBrkr"", ""SBrkr"", ""SBrkr"", ""SBrkr‚Ä¶
"
"1","$ FirstFlrSF    [3m[38;5;246m<dbl>[39m[23m 1268, 1240, 1040, 1080, 923, 1836, 904, 930, 888, 742, 1072, 1328, 882, 1140, 1888, 798‚Ä¶
"
"1","$ SecondFlrSF   [3m[38;5;246m<dbl>[39m[23m 0, 0, 1040, 0, 0, 0, 0, 0, 756, 742, 504, 0, 908, 728, 0, 842, 808, 0, 0, 829, 840, 887‚Ä¶
"
"1","$ LowQualFinSF  [3m[38;5;246m<dbl>[39m[23m 0, 0, 0, 0, 0, 0, 0, 0, 0, 0, 0, 0, 0, 0, 0, 0, 0, 0, 0, 0, 0, 0, 0, 0, 0, 0, 0, 0, 0, ‚Ä¶
"
"1","$ GrLivArea     [3m[38;5;246m<dbl>[39m[23m 1268, 1240, 2080, 1080, 923, 1836, 904, 930, 1644, 1484, 1576, 1328, 1790, 1868, 1888, ‚Ä¶
"
"1","$ BsmtFullBath  [3m[38;5;246m<dbl>[39m[23m 0, 0, 0, 1, 0, 1, 0, 0, 0, 0, 2, 1, 1, 0, 0, 0, 0, 0, 1, 0, 0, 1, 0, 0, 1, 0, 1, 0, 0, ‚Ä¶
"
"1","$ BsmtHalfBath  [3m[38;5;246m<dbl>[39m[23m 0, 0, 1, 0, 0, 0, 0, 0, 0, 0, 0, 0, 0, 0, 0, 0, 0, 0, 0, 0, 0, 0, 0, 0, 0, 0, 0, 1, 0, ‚Ä¶
"
"1","$ FullBath      [3m[38;5;246m<dbl>[39m[23m 1, 2, 1, 1, 2, 2, 1, 1, 1, 2, 1, 1, 2, 3, 2, 2, 2, 1, 2, 2, 2, 2, 2, 2, 2, 1, 2, 1, 2, ‚Ä¶
"
"1","$ HalfBath      [3m[38;5;246m<dbl>[39m[23m 1, 0, 2, 0, 0, 0, 0, 0, 1, 1, 1, 1, 1, 1, 1, 1, 1, 0, 0, 1, 0, 1, 0, 1, 0, 0, 0, 0, 1, ‚Ä¶
"
"1","$ BedroomAbvGr  [3m[38;5;246m<dbl>[39m[23m 3, 2, 5, 3, 2, 3, 2, 2, 3, 3, 3, 3, 3, 3, 2, 3, 3, 2, 4, 3, 4, 3, 4, 3, 3, 3, 2, 2, 3, ‚Ä¶
"
"1","$ KitchenAbvGr  [3m[38;5;246m<dbl>[39m[23m 1, 1, 1, 1, 1, 1, 1, 1, 1, 1, 1, 1, 1, 1, 1, 1, 1, 1, 2, 1, 1, 1, 1, 1, 1, 1, 1, 1, 1, ‚Ä¶
"
"1","$ KitchenQual   [3m[38;5;246m<chr>[39m[23m ""Gd"", ""Gd"", ""Fa"", ""Gd"", ""TA"", ""Gd"", ""TA"", ""Gd"", ""Gd"", ""Gd"", ""Gd"", ""TA"", ""Gd"", ""TA"", ""Gd‚Ä¶
"
"1","$ TotRmsAbvGrd  [3m[38;5;246m<dbl>[39m[23m 5, 5, 9, 6, 5, 7, 4, 6, 7, 8, 6, 6, 7, 7, 6, 6, 8, 4, 9, 7, 8, 8, 7, 6, 7, 6, 6, 6, 8, ‚Ä¶
"
"1","$ Functional    [3m[38;5;246m<chr>[39m[23m ""Typ"", ""Typ"", ""Typ"", ""Typ"", ""Typ"", ""Typ"", ""Typ"", ""Typ"", ""Typ"", ""Typ"", ""Typ"", ""Typ"", ""Ty‚Ä¶
"
"1","$ Fireplaces    [3m[38;5;246m<dbl>[39m[23m 0, 0, 2, 0, 1, 1, 0, 0, 2, 1, 1, 2, 0, 1, 1, 0, 1, 2, 0, 0, 0, 1, 2, 0, 1, 0, 1, 0, 1, ‚Ä¶
"
"1","$ FireplaceQu   [3m[38;5;246m<chr>[39m[23m NA, NA, ""TA"", NA, ""TA"", ""Gd"", NA, NA, ""Gd"", ""Gd"", ""TA"", ""Gd"", NA, ""TA"", ""Gd"", NA, ""Gd"",‚Ä¶
"
"1","$ GarageType    [3m[38;5;246m<chr>[39m[23m ""Detchd"", ""Attchd"", ""Attchd"", NA, ""Attchd"", ""Attchd"", ""Detchd"", ""Detchd"", ""Attchd"", ""At‚Ä¶
"
"1","$ GarageYrBlt   [3m[38;5;246m<dbl>[39m[23m 1978, 2006, 1969, NA, 1980, 2004, 1926, 1946, 1942, 2005, 1923, 1963, 1999, 1984, 1966,‚Ä¶
"
"1","$ GarageFinish  [3m[38;5;246m<chr>[39m[23m ""Unf"", ""RFn"", ""Unf"", NA, ""RFn"", ""Fin"", ""Unf"", ""Unf"", ""Unf"", ""Fin"", ""RFn"", ""Unf"", ""RFn"",‚Ä¶
"
"1","$ GarageCars    [3m[38;5;246m<dbl>[39m[23m 1, 3, 2, 0, 1, 3, 1, 1, 1, 2, 2, 2, 2, 2, 2, 2, 2, 0, 3, 2, 1, 2, 1, 2, 2, 2, 2, 1, 2, ‚Ä¶
"
"1","$ GarageArea    [3m[38;5;246m<dbl>[39m[23m 252, 826, 504, 0, 264, 862, 180, 308, 312, 390, 528, 528, 588, 477, 578, 595, 534, 0, 8‚Ä¶
"
"1","$ GarageQual    [3m[38;5;246m<chr>[39m[23m ""TA"", ""TA"", ""TA"", NA, ""TA"", ""TA"", ""TA"", ""TA"", ""TA"", ""TA"", ""TA"", ""TA"", ""TA"", ""TA"", ""TA"",‚Ä¶
"
"1","$ GarageCond    [3m[38;5;246m<chr>[39m[23m ""TA"", ""TA"", ""TA"", NA, ""TA"", ""TA"", ""TA"", ""TA"", ""TA"", ""TA"", ""TA"", ""TA"", ""TA"", ""TA"", ""TA"",‚Ä¶
"
"1","$ PavedDrive    [3m[38;5;246m<chr>[39m[23m ""Y"", ""Y"", ""Y"", ""Y"", ""Y"", ""Y"", ""Y"", ""Y"", ""Y"", ""Y"", ""Y"", ""Y"", ""Y"", ""Y"", ""Y"", ""Y"", ""Y"", ""Y‚Ä¶
"
"1","$ WoodDeckSF    [3m[38;5;246m<dbl>[39m[23m 173, 140, 335, 0, 80, 125, 0, 0, 168, 36, 0, 0, 0, 268, 0, 0, 0, 0, 0, 144, 0, 156, 0, ‚Ä¶
"
"1","$ OpenPorchSF   [3m[38;5;246m<dbl>[39m[23m 0, 93, 0, 0, 0, 185, 0, 0, 0, 24, 312, 26, 88, 112, 0, 45, 0, 0, 25, 68, 0, 90, 0, 45, ‚Ä¶
"
"1","$ EnclosedPorch [3m[38;5;246m<dbl>[39m[23m 0, 0, 0, 0, 0, 0, 105, 0, 0, 0, 0, 0, 0, 0, 0, 0, 0, 0, 0, 0, 160, 0, 0, 0, 0, 0, 0, 0,‚Ä¶
"
"1","$ ThirdSsnPorch [3m[38;5;246m<dbl>[39m[23m 0, 0, 0, 0, 0, 0, 0, 0, 0, 0, 0, 0, 0, 0, 0, 0, 0, 0, 0, 0, 0, 0, 0, 0, 0, 0, 0, 0, 0, ‚Ä¶
"
"1","$ ScreenPorch   [3m[38;5;246m<dbl>[39m[23m 0, 0, 0, 0, 0, 0, 0, 0, 0, 0, 0, 0, 0, 147, 0, 0, 276, 0, 0, 0, 0, 0, 126, 0, 0, 0, 0, ‚Ä¶
"
"1","$ PoolArea      [3m[38;5;246m<dbl>[39m[23m 0, 0, 0, 0, 0, 0, 0, 0, 0, 0, 0, 0, 0, 0, 0, 0, 0, 0, 0, 0, 0, 0, 0, 0, 0, 0, 0, 0, 0, ‚Ä¶
"
"1","$ PoolQC        [3m[38;5;246m<lgl>[39m[23m NA, NA, NA, NA, NA, NA, NA, NA, NA, NA, NA, NA, NA, NA, NA, NA, NA, NA, NA, NA, NA, NA,‚Ä¶
"
"1","$ Fence         [3m[38;5;246m<chr>[39m[23m NA, NA, NA, NA, NA, NA, NA, NA, NA, NA, NA, NA, NA, NA, NA, NA, NA, ""GdWo"", NA, NA, NA,‚Ä¶
"
"1","$ MiscFeature   [3m[38;5;246m<chr>[39m[23m NA, NA, NA, NA, NA, NA, NA, NA, NA, NA, NA, NA, NA, NA, NA, NA, NA, NA, NA, NA, NA, NA,‚Ä¶
"
"1","$ MiscVal       [3m[38;5;246m<dbl>[39m[23m 0, 0, 0, 0, 0, 0, 0, 0, 0, 0, 0, 0, 0, 0, 0, 0, 0, 0, 0, 0, 0, 0, 0, 0, 0, 0, 0, 0, 0, ‚Ä¶
"
"1","$ MoSold        [3m[38;5;246m<dbl>[39m[23m 10, 5, 9, 4, 5, 3, 1, 4, 6, 6, 5, 6, 6, 1, 6, 6, 11, 4, 7, 7, 3, 6, 8, 3, 11, 7, 2, 9, ‚Ä¶
"
"1","$ YrSold        [3m[38;5;246m<dbl>[39m[23m 2009, 2007, 2007, 2008, 2010, 2009, 2009, 2010, 2007, 2009, 2009, 2010, 2008, 2007, 201‚Ä¶
"
"1","$ SaleType      [3m[38;5;246m<chr>[39m[23m ""WD"", ""WD"", ""WD"", ""WD"", ""WD"", ""WD"", ""WD"", ""WD"", ""WD"", ""WD"", ""WD"", ""WD"", ""WD"", ""WD"", ""WD‚Ä¶
"
"1","$ SaleCondition [3m[38;5;246m<chr>[39m[23m ""Normal"", ""Normal"", ""Family"", ""Normal"", ""Normal"", ""Normal"", ""Normal"", ""Abnorml"", ""Norma‚Ä¶
"
"1","$ SalePrice     [3m[38;5;246m<dbl>[39m[23m 143500, 194000, 135000, 141000, 143000, 280000, 119000, 84900, 146500, 174000, 223500, ‚Ä¶
"
"1","$ log_SalePrice [3m[38;5;246m<dbl>[39m[23m 11.87410, 12.17562, 11.81304, 11.85652, 11.87061, 12.54255, 11.68689, 11.34924, 11.8947‚Ä¶
"
"0","View(test)"
"0","glimpse(test)"
"1","Observations: 1,459
"
"1","Variables: 80
"
"1","$ Id            [3m[38;5;246m<dbl>[39m[23m 1461, 1462, 1463, 1464, 1465, 1466, 1467, 1468, 1469, 1470, 1471, 1472, 1473, 1474, 147‚Ä¶
"
"1","$ MSSubClass    [3m[38;5;246m<dbl>[39m[23m 20, 20, 60, 60, 120, 60, 20, 60, 20, 20, 120, 160, 160, 160, 120, 60, 20, 20, 20, 20, 6‚Ä¶
"
"1","$ MSZoning      [3m[38;5;246m<chr>[39m[23m ""RH"", ""RL"", ""RL"", ""RL"", ""RL"", ""RL"", ""RL"", ""RL"", ""RL"", ""RL"", ""RH"", ""RM"", ""RM"", ""RL"", ""RL‚Ä¶
"
"1","$ LotFrontage   [3m[38;5;246m<dbl>[39m[23m 80, 81, 74, 78, 43, 75, NA, 63, 85, 70, 26, 21, 21, 24, 24, 102, 94, 90, 79, 110, 105, ‚Ä¶
"
"1","$ LotArea       [3m[38;5;246m<dbl>[39m[23m 11622, 14267, 13830, 9978, 5005, 10000, 7980, 8402, 10176, 8400, 5858, 1680, 1680, 2280‚Ä¶
"
"1","$ Street        [3m[38;5;246m<chr>[39m[23m ""Pave"", ""Pave"", ""Pave"", ""Pave"", ""Pave"", ""Pave"", ""Pave"", ""Pave"", ""Pave"", ""Pave"", ""Pave"",‚Ä¶
"
"1","$ Alley         [3m[38;5;246m<chr>[39m[23m NA, NA, NA, NA, NA, NA, NA, NA, NA, NA, NA, NA, NA, NA, NA, NA, NA, NA, NA, NA, NA, NA,‚Ä¶
"
"1","$ LotShape      [3m[38;5;246m<chr>[39m[23m ""Reg"", ""IR1"", ""IR1"", ""IR1"", ""IR1"", ""IR1"", ""IR1"", ""IR1"", ""Reg"", ""Reg"", ""IR1"", ""Reg"", ""Re‚Ä¶
"
"1","$ LandContour   [3m[38;5;246m<chr>[39m[23m ""Lvl"", ""Lvl"", ""Lvl"", ""Lvl"", ""HLS"", ""Lvl"", ""Lvl"", ""Lvl"", ""Lvl"", ""Lvl"", ""Lvl"", ""Lvl"", ""Lv‚Ä¶
"
"1","$ Utilities     [3m[38;5;246m<chr>[39m[23m ""AllPub"", ""AllPub"", ""AllPub"", ""AllPub"", ""AllPub"", ""AllPub"", ""AllPub"", ""AllPub"", ""AllPub‚Ä¶
"
"1","$ LotConfig     [3m[38;5;246m<chr>[39m[23m ""Inside"", ""Corner"", ""Inside"", ""Inside"", ""Inside"", ""Corner"", ""Inside"", ""Inside"", ""Inside‚Ä¶
"
"1","$ LandSlope     [3m[38;5;246m<chr>[39m[23m ""Gtl"", ""Gtl"", ""Gtl"", ""Gtl"", ""Gtl"", ""Gtl"", ""Gtl"", ""Gtl"", ""Gtl"", ""Gtl"", ""Gtl"", ""Gtl"", ""Gt‚Ä¶
"
"1","$ Neighborhood  [3m[38;5;246m<chr>[39m[23m ""NAmes"", ""NAmes"", ""Gilbert"", ""Gilbert"", ""StoneBr"", ""Gilbert"", ""Gilbert"", ""Gilbert"", ""Gi‚Ä¶
"
"1","$ Condition1    [3m[38;5;246m<chr>[39m[23m ""Feedr"", ""Norm"", ""Norm"", ""Norm"", ""Norm"", ""Norm"", ""Norm"", ""Norm"", ""Norm"", ""Norm"", ""Norm""‚Ä¶
"
"1","$ Condition2    [3m[38;5;246m<chr>[39m[23m ""Norm"", ""Norm"", ""Norm"", ""Norm"", ""Norm"", ""Norm"", ""Norm"", ""Norm"", ""Norm"", ""Norm"", ""Norm"",‚Ä¶
"
"1","$ BldgType      [3m[38;5;246m<chr>[39m[23m ""1Fam"", ""1Fam"", ""1Fam"", ""1Fam"", ""TwnhsE"", ""1Fam"", ""1Fam"", ""1Fam"", ""1Fam"", ""1Fam"", ""Twnh‚Ä¶
"
"1","$ HouseStyle    [3m[38;5;246m<chr>[39m[23m ""1Story"", ""1Story"", ""2Story"", ""2Story"", ""1Story"", ""2Story"", ""1Story"", ""2Story"", ""1Story‚Ä¶
"
"1","$ OverallQual   [3m[38;5;246m<dbl>[39m[23m 5, 6, 5, 6, 8, 6, 6, 6, 7, 4, 7, 6, 5, 6, 7, 9, 8, 9, 8, 9, 8, 8, 6, 7, 7, 7, 8, 8, 7, ‚Ä¶
"
"1","$ OverallCond   [3m[38;5;246m<dbl>[39m[23m 6, 6, 5, 6, 5, 5, 7, 5, 5, 5, 5, 5, 5, 6, 6, 5, 5, 5, 5, 5, 5, 5, 5, 5, 5, 5, 5, 5, 5, ‚Ä¶
"
"1","$ YearBuilt     [3m[38;5;246m<dbl>[39m[23m 1961, 1958, 1997, 1998, 1992, 1993, 1992, 1998, 1990, 1970, 1999, 1971, 1971, 1975, 197‚Ä¶
"
"1","$ YearRemodAdd  [3m[38;5;246m<dbl>[39m[23m 1961, 1958, 1998, 1998, 1992, 1994, 2007, 1998, 1990, 1970, 1999, 1971, 1971, 1975, 197‚Ä¶
"
"1","$ RoofStyle     [3m[38;5;246m<chr>[39m[23m ""Gable"", ""Hip"", ""Gable"", ""Gable"", ""Gable"", ""Gable"", ""Gable"", ""Gable"", ""Gable"", ""Gable"",‚Ä¶
"
"1","$ RoofMatl      [3m[38;5;246m<chr>[39m[23m ""CompShg"", ""CompShg"", ""CompShg"", ""CompShg"", ""CompShg"", ""CompShg"", ""CompShg"", ""CompShg"",‚Ä¶
"
"1","$ Exterior1st   [3m[38;5;246m<chr>[39m[23m ""VinylSd"", ""Wd Sdng"", ""VinylSd"", ""VinylSd"", ""HdBoard"", ""HdBoard"", ""HdBoard"", ""VinylSd"",‚Ä¶
"
"1","$ Exterior2nd   [3m[38;5;246m<chr>[39m[23m ""VinylSd"", ""Wd Sdng"", ""VinylSd"", ""VinylSd"", ""HdBoard"", ""HdBoard"", ""HdBoard"", ""VinylSd"",‚Ä¶
"
"1","$ MasVnrType    [3m[38;5;246m<chr>[39m[23m ""None"", ""BrkFace"", ""None"", ""BrkFace"", ""None"", ""None"", ""None"", ""None"", ""None"", ""None"", ""‚Ä¶
"
"1","$ MasVnrArea    [3m[38;5;246m<dbl>[39m[23m 0, 108, 0, 20, 0, 0, 0, 0, 0, 0, 0, 504, 492, 0, 0, 162, 256, 615, 240, 1095, 232, 178,‚Ä¶
"
"1","$ ExterQual     [3m[38;5;246m<chr>[39m[23m ""TA"", ""TA"", ""TA"", ""TA"", ""Gd"", ""TA"", ""TA"", ""TA"", ""TA"", ""TA"", ""Gd"", ""TA"", ""TA"", ""TA"", ""TA‚Ä¶
"
"1","$ ExterCond     [3m[38;5;246m<chr>[39m[23m ""TA"", ""TA"", ""TA"", ""TA"", ""TA"", ""TA"", ""Gd"", ""TA"", ""TA"", ""TA"", ""TA"", ""TA"", ""TA"", ""TA"", ""TA‚Ä¶
"
"1","$ Foundation    [3m[38;5;246m<chr>[39m[23m ""CBlock"", ""CBlock"", ""PConc"", ""PConc"", ""PConc"", ""PConc"", ""PConc"", ""PConc"", ""PConc"", ""CBl‚Ä¶
"
"1","$ BsmtQual      [3m[38;5;246m<chr>[39m[23m ""TA"", ""TA"", ""Gd"", ""TA"", ""Gd"", ""Gd"", ""Gd"", ""Gd"", ""Gd"", ""TA"", ""Gd"", ""TA"", ""TA"", ""TA"", ""Gd‚Ä¶
"
"1","$ BsmtCond      [3m[38;5;246m<chr>[39m[23m ""TA"", ""TA"", ""TA"", ""TA"", ""TA"", ""TA"", ""TA"", ""TA"", ""TA"", ""TA"", ""TA"", ""TA"", ""TA"", ""TA"", ""TA‚Ä¶
"
"1","$ BsmtExposure  [3m[38;5;246m<chr>[39m[23m ""No"", ""No"", ""No"", ""No"", ""No"", ""No"", ""No"", ""No"", ""Gd"", ""No"", ""No"", ""No"", ""No"", ""No"", ""No‚Ä¶
"
"1","$ BsmtFinType1  [3m[38;5;246m<chr>[39m[23m ""Rec"", ""ALQ"", ""GLQ"", ""GLQ"", ""ALQ"", ""Unf"", ""ALQ"", ""Unf"", ""GLQ"", ""ALQ"", ""GLQ"", ""Rec"", ""Re‚Ä¶
"
"1","$ BsmtFinSF1    [3m[38;5;246m<dbl>[39m[23m 468, 923, 791, 602, 263, 0, 935, 0, 637, 804, 1051, 156, 300, 514, 0, 0, 0, 110, 28, 13‚Ä¶
"
"1","$ BsmtFinType2  [3m[38;5;246m<chr>[39m[23m ""LwQ"", ""Unf"", ""Unf"", ""Unf"", ""Unf"", ""Unf"", ""Unf"", ""Unf"", ""Unf"", ""Rec"", ""BLQ"", ""Unf"", ""Un‚Ä¶
"
"1","$ BsmtFinSF2    [3m[38;5;246m<dbl>[39m[23m 144, 0, 0, 0, 0, 0, 0, 0, 0, 78, 0, 0, 0, 0, 0, 0, 0, 0, 0, 0, 0, 0, 0, 0, 0, 0, 0, 0, ‚Ä¶
"
"1","$ BsmtUnfSF     [3m[38;5;246m<dbl>[39m[23m 270, 406, 137, 324, 1017, 763, 233, 789, 663, 0, 354, 327, 225, 341, 836, 1590, 1544, 1‚Ä¶
"
"1","$ TotalBsmtSF   [3m[38;5;246m<dbl>[39m[23m 882, 1329, 928, 926, 1280, 763, 1168, 789, 1300, 882, 1405, 483, 525, 855, 836, 1590, 1‚Ä¶
"
"1","$ Heating       [3m[38;5;246m<chr>[39m[23m ""GasA"", ""GasA"", ""GasA"", ""GasA"", ""GasA"", ""GasA"", ""GasA"", ""GasA"", ""GasA"", ""GasA"", ""GasA"",‚Ä¶
"
"1","$ HeatingQC     [3m[38;5;246m<chr>[39m[23m ""TA"", ""TA"", ""Gd"", ""Ex"", ""Ex"", ""Gd"", ""Ex"", ""Gd"", ""Gd"", ""TA"", ""Ex"", ""TA"", ""TA"", ""TA"", ""Ex‚Ä¶
"
"1","$ CentralAir    [3m[38;5;246m<chr>[39m[23m ""Y"", ""Y"", ""Y"", ""Y"", ""Y"", ""Y"", ""Y"", ""Y"", ""Y"", ""Y"", ""Y"", ""Y"", ""Y"", ""Y"", ""Y"", ""Y"", ""Y"", ""Y‚Ä¶
"
"1","$ Electrical    [3m[38;5;246m<chr>[39m[23m ""SBrkr"", ""SBrkr"", ""SBrkr"", ""SBrkr"", ""SBrkr"", ""SBrkr"", ""SBrkr"", ""SBrkr"", ""SBrkr"", ""SBrkr‚Ä¶
"
"1","$ FirstFlrSF    [3m[38;5;246m<dbl>[39m[23m 896, 1329, 928, 926, 1280, 763, 1187, 789, 1341, 882, 1337, 483, 525, 855, 836, 1627, 1‚Ä¶
"
"1","$ SecondFlrSF   [3m[38;5;246m<dbl>[39m[23m 0, 0, 701, 678, 0, 892, 0, 676, 0, 0, 0, 504, 567, 601, 0, 707, 0, 0, 0, 0, 563, 0, 0, ‚Ä¶
"
"1","$ LowQualFinSF  [3m[38;5;246m<dbl>[39m[23m 0, 0, 0, 0, 0, 0, 0, 0, 0, 0, 0, 0, 0, 0, 0, 0, 0, 0, 0, 0, 0, 0, 0, 0, 0, 0, 0, 0, 0, ‚Ä¶
"
"1","$ GrLivArea     [3m[38;5;246m<dbl>[39m[23m 896, 1329, 1629, 1604, 1280, 1655, 1187, 1465, 1341, 882, 1337, 987, 1092, 1456, 836, 2‚Ä¶
"
"1","$ BsmtFullBath  [3m[38;5;246m<dbl>[39m[23m 0, 0, 0, 0, 0, 0, 1, 0, 1, 1, 1, 0, 0, 0, 0, 0, 0, 0, 0, 1, 1, 0, 0, 0, 1, 0, 0, 0, 0, ‚Ä¶
"
"1","$ BsmtHalfBath  [3m[38;5;246m<dbl>[39m[23m 0, 0, 0, 0, 0, 0, 0, 0, 0, 0, 0, 0, 0, 0, 0, 0, 0, 0, 0, 0, 0, 0, 0, 0, 0, 0, 0, 0, 0, ‚Ä¶
"
"1","$ FullBath      [3m[38;5;246m<dbl>[39m[23m 1, 1, 2, 2, 2, 2, 2, 2, 1, 1, 2, 1, 1, 2, 1, 2, 2, 2, 2, 2, 2, 2, 2, 2, 2, 2, 2, 2, 2, ‚Ä¶
"
"1","$ HalfBath      [3m[38;5;246m<dbl>[39m[23m 0, 1, 1, 1, 0, 1, 0, 1, 1, 0, 0, 1, 1, 1, 0, 1, 0, 0, 0, 1, 1, 0, 0, 0, 1, 1, 1, 0, 0, ‚Ä¶
"
"1","$ BedroomAbvGr  [3m[38;5;246m<dbl>[39m[23m 2, 3, 3, 3, 2, 3, 3, 3, 2, 2, 2, 2, 3, 3, 2, 3, 3, 3, 3, 3, 3, 2, 3, 2, 3, 3, 4, 2, 2, ‚Ä¶
"
"1","$ KitchenAbvGr  [3m[38;5;246m<dbl>[39m[23m 1, 1, 1, 1, 1, 1, 1, 1, 1, 1, 1, 1, 1, 1, 1, 1, 1, 1, 1, 1, 1, 1, 1, 1, 1, 1, 1, 1, 1, ‚Ä¶
"
"1","$ KitchenQual   [3m[38;5;246m<chr>[39m[23m ""TA"", ""Gd"", ""TA"", ""Gd"", ""Gd"", ""TA"", ""TA"", ""TA"", ""Gd"", ""TA"", ""Gd"", ""TA"", ""TA"", ""Gd"", ""TA‚Ä¶
"
"1","$ TotRmsAbvGrd  [3m[38;5;246m<dbl>[39m[23m 5, 6, 6, 7, 5, 7, 6, 7, 5, 4, 5, 5, 6, 6, 4, 10, 7, 7, 8, 10, 7, 6, 6, 6, 7, 7, 7, 6, 4‚Ä¶
"
"1","$ Functional    [3m[38;5;246m<chr>[39m[23m ""Typ"", ""Typ"", ""Typ"", ""Typ"", ""Typ"", ""Typ"", ""Typ"", ""Typ"", ""Typ"", ""Typ"", ""Typ"", ""Typ"", ""Ty‚Ä¶
"
"1","$ Fireplaces    [3m[38;5;246m<dbl>[39m[23m 0, 0, 1, 1, 0, 1, 0, 1, 1, 0, 1, 0, 0, 1, 0, 1, 0, 1, 1, 2, 1, 1, 0, 0, 1, 1, 1, 1, 0, ‚Ä¶
"
"1","$ FireplaceQu   [3m[38;5;246m<chr>[39m[23m NA, NA, ""TA"", ""Gd"", NA, ""TA"", NA, ""Gd"", ""Po"", NA, ""Fa"", NA, NA, ""TA"", NA, ""Gd"", NA, ""Gd‚Ä¶
"
"1","$ GarageType    [3m[38;5;246m<chr>[39m[23m ""Attchd"", ""Attchd"", ""Attchd"", ""Attchd"", ""Attchd"", ""Attchd"", ""Attchd"", ""Attchd"", ""Attchd‚Ä¶
"
"1","$ GarageYrBlt   [3m[38;5;246m<dbl>[39m[23m 1961, 1958, 1997, 1998, 1992, 1993, 1992, 1998, 1990, 1970, 1999, 1971, 1997, 1975, 197‚Ä¶
"
"1","$ GarageFinish  [3m[38;5;246m<chr>[39m[23m ""Unf"", ""Unf"", ""Fin"", ""Fin"", ""RFn"", ""Fin"", ""Fin"", ""Fin"", ""Unf"", ""Fin"", ""Fin"", ""Unf"", ""Un‚Ä¶
"
"1","$ GarageCars    [3m[38;5;246m<dbl>[39m[23m 1, 1, 2, 2, 2, 2, 2, 2, 2, 2, 2, 1, 1, 2, 1, 3, 3, 3, 3, 3, 3, 2, 2, 2, 2, 2, 3, 3, 2, ‚Ä¶
"
"1","$ GarageArea    [3m[38;5;246m<dbl>[39m[23m 730, 312, 482, 470, 506, 440, 420, 393, 506, 525, 511, 264, 320, 440, 308, 751, 868, 73‚Ä¶
"
"1","$ GarageQual    [3m[38;5;246m<chr>[39m[23m ""TA"", ""TA"", ""TA"", ""TA"", ""TA"", ""TA"", ""TA"", ""TA"", ""TA"", ""TA"", ""TA"", ""TA"", ""TA"", ""TA"", ""TA‚Ä¶
"
"1","$ GarageCond    [3m[38;5;246m<chr>[39m[23m ""TA"", ""TA"", ""TA"", ""TA"", ""TA"", ""TA"", ""TA"", ""TA"", ""TA"", ""TA"", ""TA"", ""TA"", ""TA"", ""TA"", ""TA‚Ä¶
"
"1","$ PavedDrive    [3m[38;5;246m<chr>[39m[23m ""Y"", ""Y"", ""Y"", ""Y"", ""Y"", ""Y"", ""Y"", ""Y"", ""Y"", ""Y"", ""Y"", ""Y"", ""Y"", ""Y"", ""Y"", ""Y"", ""Y"", ""Y‚Ä¶
"
"1","$ WoodDeckSF    [3m[38;5;246m<dbl>[39m[23m 140, 393, 212, 360, 0, 157, 483, 0, 192, 240, 203, 275, 0, 173, 0, 144, 0, 192, 0, 220,‚Ä¶
"
"1","$ OpenPorchSF   [3m[38;5;246m<dbl>[39m[23m 0, 36, 34, 36, 82, 84, 21, 75, 0, 0, 68, 0, 0, 0, 30, 133, 35, 74, 119, 150, 130, 49, 2‚Ä¶
"
"1","$ EnclosedPorch [3m[38;5;246m<dbl>[39m[23m 0, 0, 0, 0, 0, 0, 0, 0, 0, 0, 0, 0, 0, 0, 0, 0, 0, 0, 0, 0, 0, 0, 0, 0, 0, 0, 0, 0, 0, ‚Ä¶
"
"1","$ ThirdSsnPorch [3m[38;5;246m<dbl>[39m[23m 0, 0, 0, 0, 0, 0, 0, 0, 0, 0, 0, 0, 0, 0, 0, 0, 0, 0, 0, 0, 0, 0, 0, 0, 0, 0, 0, 0, 0, ‚Ä¶
"
"1","$ ScreenPorch   [3m[38;5;246m<dbl>[39m[23m 120, 0, 0, 0, 144, 0, 0, 0, 0, 0, 0, 0, 0, 0, 0, 0, 0, 0, 0, 0, 0, 0, 0, 0, 0, 0, 256, ‚Ä¶
"
"1","$ PoolArea      [3m[38;5;246m<dbl>[39m[23m 0, 0, 0, 0, 0, 0, 0, 0, 0, 0, 0, 0, 0, 0, 0, 0, 0, 0, 0, 0, 0, 0, 0, 0, 0, 0, 0, 0, 0, ‚Ä¶
"
"1","$ PoolQC        [3m[38;5;246m<chr>[39m[23m NA, NA, NA, NA, NA, NA, NA, NA, NA, NA, NA, NA, NA, NA, NA, NA, NA, NA, NA, NA, NA, NA,‚Ä¶
"
"1","$ Fence         [3m[38;5;246m<chr>[39m[23m ""MnPrv"", NA, ""MnPrv"", NA, NA, NA, ""GdPrv"", NA, NA, ""MnPrv"", NA, NA, NA, NA, NA, NA, NA,‚Ä¶
"
"1","$ MiscFeature   [3m[38;5;246m<chr>[39m[23m NA, ""Gar2"", NA, NA, NA, NA, ""Shed"", NA, NA, NA, NA, NA, NA, NA, NA, NA, NA, NA, NA, NA,‚Ä¶
"
"1","$ MiscVal       [3m[38;5;246m<dbl>[39m[23m 0, 12500, 0, 0, 0, 0, 500, 0, 0, 0, 0, 0, 0, 0, 0, 0, 0, 0, 0, 0, 0, 0, 0, 0, 0, 0, 0, ‚Ä¶
"
"1","$ MoSold        [3m[38;5;246m<dbl>[39m[23m 6, 6, 3, 6, 1, 4, 3, 5, 2, 4, 6, 2, 3, 6, 6, 1, 6, 6, 2, 6, 6, 4, 1, 1, 6, 4, 1, 5, 4, ‚Ä¶
"
"1","$ YrSold        [3m[38;5;246m<dbl>[39m[23m 2010, 2010, 2010, 2010, 2010, 2010, 2010, 2010, 2010, 2010, 2010, 2010, 2010, 2010, 201‚Ä¶
"
"1","$ SaleType      [3m[38;5;246m<chr>[39m[23m ""WD"", ""WD"", ""WD"", ""WD"", ""WD"", ""WD"", ""WD"", ""WD"", ""WD"", ""WD"", ""WD"", ""COD"", ""WD"", ""WD"", ""W‚Ä¶
"
"1","$ SaleCondition [3m[38;5;246m<chr>[39m[23m ""Normal"", ""Normal"", ""Normal"", ""Normal"", ""Normal"", ""Normal"", ""Normal"", ""Normal"", ""Normal‚Ä¶
"
"0","# Pay close attention to the variables and variable types in sample_submission. "
"0","# Your submission must match this exactly."
"0","glimpse(sample_submission)"
"1","Observations: 1,459
"
"1","Variables: 2
"
"1","$ Id        [3m[38;5;246m<dbl>[39m[23m 1461, 1462, 1463, 1464, 1465, 1466, 1467, 1468, 1469, 1470, 1471, 1472, 1473, 1474, 1475, 1‚Ä¶
"
"1","$ SalePrice [3m[38;5;246m<dbl>[39m[23m 169277.1, 187758.4, 183583.7, 179317.5, 150730.1, 177151.0, 172070.7, 175111.0, 162011.7, 1‚Ä¶
"
"0","# Hint:"
"0","skim(training)"
"1","Skim summary statistics
"
"1"," n obs:"
"1"," "
"1","50"
"1"," "
"1","
"
"1"," n variables:"
"1"," "
"1","82"
"1"," "
"1","
"
"1","
"
"1","‚îÄ‚îÄ Variable type:character ‚îÄ‚îÄ‚îÄ‚îÄ‚îÄ‚îÄ‚îÄ‚îÄ‚îÄ‚îÄ‚îÄ‚îÄ‚îÄ‚îÄ‚îÄ‚îÄ‚îÄ‚îÄ‚îÄ‚îÄ‚îÄ‚îÄ‚îÄ‚îÄ‚îÄ‚îÄ‚îÄ‚îÄ‚îÄ‚îÄ‚îÄ‚îÄ‚îÄ‚îÄ‚îÄ‚îÄ‚îÄ‚îÄ‚îÄ‚îÄ‚îÄ‚îÄ‚îÄ‚îÄ‚îÄ‚îÄ‚îÄ‚îÄ‚îÄ‚îÄ‚îÄ‚îÄ‚îÄ‚îÄ‚îÄ‚îÄ‚îÄ‚îÄ‚îÄ‚îÄ‚îÄ‚îÄ‚îÄ‚îÄ‚îÄ‚îÄ‚îÄ‚îÄ‚îÄ‚îÄ‚îÄ‚îÄ‚îÄ‚îÄ‚îÄ‚îÄ‚îÄ‚îÄ‚îÄ‚îÄ‚îÄ‚îÄ‚îÄ‚îÄ‚îÄ"
"1","
"
"1","      variable"
"1"," missing"
"1"," complete"
"1","  n"
"1"," min"
"1"," max"
"1"," empty"
"1"," n_unique"
"1","
"
"1","         Alley"
"1","      48"
"1","        2"
"1"," 50"
"1","   4"
"1","   4"
"1","     0"
"1","        2"
"1","
"
"1","      BldgType"
"1","       0"
"1","       50"
"1"," 50"
"1","   4"
"1","   6"
"1","     0"
"1","        4"
"1","
"
"1","      BsmtCond"
"1","       1"
"1","       49"
"1"," 50"
"1","   2"
"1","   2"
"1","     0"
"1","        3"
"1","
"
"1","  BsmtExposure"
"1","       1"
"1","       49"
"1"," 50"
"1","   2"
"1","   2"
"1","     0"
"1","        4"
"1","
"
"1","  BsmtFinType1"
"1","       1"
"1","       49"
"1"," 50"
"1","   3"
"1","   3"
"1","     0"
"1","        6"
"1","
"
"1","  BsmtFinType2"
"1","       1"
"1","       49"
"1"," 50"
"1","   3"
"1","   3"
"1","     0"
"1","        5"
"1","
"
"1","      BsmtQual"
"1","       1"
"1","       49"
"1"," 50"
"1","   2"
"1","   2"
"1","     0"
"1","        4"
"1","
"
"1","    CentralAir"
"1","       0"
"1","       50"
"1"," 50"
"1","   1"
"1","   1"
"1","     0"
"1","        2"
"1","
"
"1","    Condition1"
"1","       0"
"1","       50"
"1"," 50"
"1","   4"
"1","   6"
"1","     0"
"1","        5"
"1","
"
"1","    Condition2"
"1","       0"
"1","       50"
"1"," 50"
"1","   4"
"1","   4"
"1","     0"
"1","        1"
"1","
"
"1","    Electrical"
"1","       0"
"1","       50"
"1"," 50"
"1","   5"
"1","   5"
"1","     0"
"1","        3"
"1","
"
"1","     ExterCond"
"1","       0"
"1","       50"
"1"," 50"
"1","   2"
"1","   2"
"1","     0"
"1","        2"
"1","
"
"1","   Exterior1st"
"1","       0"
"1","       50"
"1"," 50"
"1","   7"
"1","   7"
"1","     0"
"1","        7"
"1","
"
"1","   Exterior2nd"
"1","       0"
"1","       50"
"1"," 50"
"1","   5"
"1","   7"
"1","     0"
"1","        8"
"1","
"
"1","     ExterQual"
"1","       0"
"1","       50"
"1"," 50"
"1","   2"
"1","   2"
"1","     0"
"1","        3"
"1","
"
"1","         Fence"
"1","      42"
"1","        8"
"1"," 50"
"1","   4"
"1","   5"
"1","     0"
"1","        3"
"1","
"
"1","   FireplaceQu"
"1","      23"
"1","       27"
"1"," 50"
"1","   2"
"1","   2"
"1","     0"
"1","        3"
"1","
"
"1","    Foundation"
"1","       0"
"1","       50"
"1"," 50"
"1","   5"
"1","   6"
"1","     0"
"1","        3"
"1","
"
"1","    Functional"
"1","       0"
"1","       50"
"1"," 50"
"1","   3"
"1","   4"
"1","     0"
"1","        3"
"1","
"
"1","    GarageCond"
"1","       2"
"1","       48"
"1"," 50"
"1","   2"
"1","   2"
"1","     0"
"1","        1"
"1","
"
"1","  GarageFinish"
"1","       2"
"1","       48"
"1"," 50"
"1","   3"
"1","   3"
"1","     0"
"1","        3"
"1","
"
"1","    GarageQual"
"1","       2"
"1","       48"
"1"," 50"
"1","   2"
"1","   2"
"1","     0"
"1","        1"
"1","
"
"1","    GarageType"
"1","       2"
"1","       48"
"1"," 50"
"1","   6"
"1","   7"
"1","     0"
"1","        3"
"1","
"
"1","       Heating"
"1","       0"
"1","       50"
"1"," 50"
"1","   4"
"1","   4"
"1","     0"
"1","        1"
"1","
"
"1","     HeatingQC"
"1","       0"
"1","       50"
"1"," 50"
"1","   2"
"1","   2"
"1","     0"
"1","        4"
"1","
"
"1","    HouseStyle"
"1","       0"
"1","       50"
"1"," 50"
"1","   4"
"1","   6"
"1","     0"
"1","        7"
"1","
"
"1","   KitchenQual"
"1","       0"
"1","       50"
"1"," 50"
"1","   2"
"1","   2"
"1","     0"
"1","        4"
"1","
"
"1","   LandContour"
"1","       0"
"1","       50"
"1"," 50"
"1","   3"
"1","   3"
"1","     0"
"1","        4"
"1","
"
"1","     LandSlope"
"1","       0"
"1","       50"
"1"," 50"
"1","   3"
"1","   3"
"1","     0"
"1","        3"
"1","
"
"1","     LotConfig"
"1","       0"
"1","       50"
"1"," 50"
"1","   3"
"1","   7"
"1","     0"
"1","        4"
"1","
"
"1","      LotShape"
"1","       0"
"1","       50"
"1"," 50"
"1","   3"
"1","   3"
"1","     0"
"1","        4"
"1","
"
"1","    MasVnrType"
"1","       0"
"1","       50"
"1"," 50"
"1","   4"
"1","   7"
"1","     0"
"1","        3"
"1","
"
"1","   MiscFeature"
"1","      48"
"1","        2"
"1"," 50"
"1","   4"
"1","   4"
"1","     0"
"1","        1"
"1","
"
"1","      MSZoning"
"1","       0"
"1","       50"
"1"," 50"
"1","   2"
"1","   2"
"1","     0"
"1","        3"
"1","
"
"1","  Neighborhood"
"1","       0"
"1","       50"
"1"," 50"
"1","   5"
"1","   7"
"1","     0"
"1","       16"
"1","
"
"1","    PavedDrive"
"1","       0"
"1","       50"
"1"," 50"
"1","   1"
"1","   1"
"1","     0"
"1","        2"
"1","
"
"1","      RoofMatl"
"1","       0"
"1","       50"
"1"," 50"
"1","   7"
"1","   7"
"1","     0"
"1","        2"
"1","
"
"1","     RoofStyle"
"1","       0"
"1","       50"
"1"," 50"
"1","   3"
"1","   7"
"1","     0"
"1","        3"
"1","
"
"1"," SaleCondition"
"1","       0"
"1","       50"
"1"," 50"
"1","   6"
"1","   7"
"1","     0"
"1","        4"
"1","
"
"1","      SaleType"
"1","       0"
"1","       50"
"1"," 50"
"1","   2"
"1","   3"
"1","     0"
"1","        4"
"1","
"
"1","        Street"
"1","       0"
"1","       50"
"1"," 50"
"1","   4"
"1","   4"
"1","     0"
"1","        1"
"1","
"
"1","     Utilities"
"1","       0"
"1","       50"
"1"," 50"
"1","   6"
"1","   6"
"1","     0"
"1","        1"
"1","
"
"1","
"
"1","‚îÄ‚îÄ Variable type:logical ‚îÄ‚îÄ‚îÄ‚îÄ‚îÄ‚îÄ‚îÄ‚îÄ‚îÄ‚îÄ‚îÄ‚îÄ‚îÄ‚îÄ‚îÄ‚îÄ‚îÄ‚îÄ‚îÄ‚îÄ‚îÄ‚îÄ‚îÄ‚îÄ‚îÄ‚îÄ‚îÄ‚îÄ‚îÄ‚îÄ‚îÄ‚îÄ‚îÄ‚îÄ‚îÄ‚îÄ‚îÄ‚îÄ‚îÄ‚îÄ‚îÄ‚îÄ‚îÄ‚îÄ‚îÄ‚îÄ‚îÄ‚îÄ‚îÄ‚îÄ‚îÄ‚îÄ‚îÄ‚îÄ‚îÄ‚îÄ‚îÄ‚îÄ‚îÄ‚îÄ‚îÄ‚îÄ‚îÄ‚îÄ‚îÄ‚îÄ‚îÄ‚îÄ‚îÄ‚îÄ‚îÄ‚îÄ‚îÄ‚îÄ‚îÄ‚îÄ‚îÄ‚îÄ‚îÄ‚îÄ‚îÄ‚îÄ‚îÄ‚îÄ‚îÄ‚îÄ‚îÄ"
"1","
"
"1"," variable"
"1"," missing"
"1"," complete"
"1","  n"
"1"," mean"
"1"," count"
"1","
"
"1","   PoolQC"
"1","      50"
"1","        0"
"1"," 50"
"1","  NaN"
"1","    50"
"1","
"
"1","
"
"1","‚îÄ‚îÄ Variable type:numeric ‚îÄ‚îÄ‚îÄ‚îÄ‚îÄ‚îÄ‚îÄ‚îÄ‚îÄ‚îÄ‚îÄ‚îÄ‚îÄ‚îÄ‚îÄ‚îÄ‚îÄ‚îÄ‚îÄ‚îÄ‚îÄ‚îÄ‚îÄ‚îÄ‚îÄ‚îÄ‚îÄ‚îÄ‚îÄ‚îÄ‚îÄ‚îÄ‚îÄ‚îÄ‚îÄ‚îÄ‚îÄ‚îÄ‚îÄ‚îÄ‚îÄ‚îÄ‚îÄ‚îÄ‚îÄ‚îÄ‚îÄ‚îÄ‚îÄ‚îÄ‚îÄ‚îÄ‚îÄ‚îÄ‚îÄ‚îÄ‚îÄ‚îÄ‚îÄ‚îÄ‚îÄ‚îÄ‚îÄ‚îÄ‚îÄ‚îÄ‚îÄ‚îÄ‚îÄ‚îÄ‚îÄ‚îÄ‚îÄ‚îÄ‚îÄ‚îÄ‚îÄ‚îÄ‚îÄ‚îÄ‚îÄ‚îÄ‚îÄ‚îÄ‚îÄ‚îÄ‚îÄ"
"1","
"
"1","      variable"
"1"," missing"
"1"," complete"
"1","  n"
"1","      mean"
"1","       sd"
"1","      p0"
"1","       p25"
"1","       p50"
"1","      p75"
"1","      p100"
"1","     hist"
"1","
"
"1","  BedroomAbvGr"
"1","       0"
"1","       50"
"1"," 50"
"1","      2.86"
"1","     0.7 "
"1","     2  "
"1","      2   "
"1","      3   "
"1","     3   "
"1","      5   "
"1"," ‚ñÖ‚ñÅ‚ñá‚ñÅ‚ñÅ‚ñÇ‚ñÅ‚ñÅ"
"1","
"
"1","    BsmtFinSF1"
"1","       0"
"1","       50"
"1"," 50"
"1","    381.66"
"1","   408.69"
"1","     0  "
"1","      0   "
"1","    288.5 "
"1","   617   "
"1","   1422   "
"1"," ‚ñá‚ñÉ‚ñÇ‚ñÖ‚ñÅ‚ñÅ‚ñÅ‚ñÇ"
"1","
"
"1","    BsmtFinSF2"
"1","       0"
"1","       50"
"1"," 50"
"1","     62.12"
"1","   178.77"
"1","     0  "
"1","      0   "
"1","      0   "
"1","     0   "
"1","    713   "
"1"," ‚ñá‚ñÅ‚ñÅ‚ñÅ‚ñÅ‚ñÅ‚ñÅ‚ñÅ"
"1","
"
"1","  BsmtFullBath"
"1","       0"
"1","       50"
"1"," 50"
"1","      0.4 "
"1","     0.53"
"1","     0  "
"1","      0   "
"1","      0   "
"1","     1   "
"1","      2   "
"1"," ‚ñá‚ñÅ‚ñÅ‚ñÖ‚ñÅ‚ñÅ‚ñÅ‚ñÅ"
"1","
"
"1","  BsmtHalfBath"
"1","       0"
"1","       50"
"1"," 50"
"1","      0.04"
"1","     0.2 "
"1","     0  "
"1","      0   "
"1","      0   "
"1","     0   "
"1","      1   "
"1"," ‚ñá‚ñÅ‚ñÅ‚ñÅ‚ñÅ‚ñÅ‚ñÅ‚ñÅ"
"1","
"
"1","     BsmtUnfSF"
"1","       0"
"1","       50"
"1"," 50"
"1","    621.26"
"1","   426.92"
"1","     0  "
"1","    327.75"
"1","    555.5 "
"1","   805.5 "
"1","   1584   "
"1"," ‚ñÉ‚ñá‚ñÜ‚ñÖ‚ñÉ‚ñÅ‚ñÇ‚ñÇ"
"1","
"
"1"," EnclosedPorch"
"1","       0"
"1","       50"
"1"," 50"
"1","     18.5 "
"1","    59.05"
"1","     0  "
"1","      0   "
"1","      0   "
"1","     0   "
"1","    252   "
"1"," ‚ñá‚ñÅ‚ñÅ‚ñÅ‚ñÅ‚ñÅ‚ñÅ‚ñÅ"
"1","
"
"1","    Fireplaces"
"1","       0"
"1","       50"
"1"," 50"
"1","      0.7 "
"1","     0.74"
"1","     0  "
"1","      0   "
"1","      1   "
"1","     1   "
"1","      2   "
"1"," ‚ñá‚ñÅ‚ñÅ‚ñÜ‚ñÅ‚ñÅ‚ñÅ‚ñÉ"
"1","
"
"1","    FirstFlrSF"
"1","       0"
"1","       50"
"1"," 50"
"1","   1138.6 "
"1","   326.71"
"1","   742  "
"1","    883.5 "
"1","   1051   "
"1","  1350.5 "
"1","   1888   "
"1"," ‚ñá‚ñÜ‚ñÖ‚ñÉ‚ñÉ‚ñÅ‚ñÅ‚ñÉ"
"1","
"
"1","      FullBath"
"1","       0"
"1","       50"
"1"," 50"
"1","      1.64"
"1","     0.56"
"1","     1  "
"1","      1   "
"1","      2   "
"1","     2   "
"1","      3   "
"1"," ‚ñÜ‚ñÅ‚ñÅ‚ñá‚ñÅ‚ñÅ‚ñÅ‚ñÅ"
"1","
"
"1","    GarageArea"
"1","       0"
"1","       50"
"1"," 50"
"1","    488.04"
"1","   208.82"
"1","     0  "
"1","    328.5 "
"1","    504   "
"1","   585.5 "
"1","    888   "
"1"," ‚ñÅ‚ñÅ‚ñÜ‚ñÉ‚ñá‚ñÜ‚ñÅ‚ñÉ"
"1","
"
"1","    GarageCars"
"1","       0"
"1","       50"
"1"," 50"
"1","      1.76"
"1","     0.72"
"1","     0  "
"1","      1   "
"1","      2   "
"1","     2   "
"1","      3   "
"1"," ‚ñÅ‚ñÅ‚ñÉ‚ñÅ‚ñÅ‚ñá‚ñÅ‚ñÇ"
"1","
"
"1","   GarageYrBlt"
"1","       2"
"1","       48"
"1"," 50"
"1","   1979.38"
"1","    23.62"
"1","  1923  "
"1","   1964.75"
"1","   1979   "
"1","  2002.25"
"1","   2010   "
"1"," ‚ñÅ‚ñÇ‚ñÇ‚ñÇ‚ñÖ‚ñÇ‚ñÉ‚ñá"
"1","
"
"1","     GrLivArea"
"1","       0"
"1","       50"
"1"," 50"
"1","   1464.2 "
"1","   404.33"
"1","   764  "
"1","   1171   "
"1","   1504.5 "
"1","  1747.5 "
"1","   2596   "
"1"," ‚ñÜ‚ñÇ‚ñÜ‚ñá‚ñÜ‚ñÇ‚ñÅ‚ñÅ"
"1","
"
"1","      HalfBath"
"1","       0"
"1","       50"
"1"," 50"
"1","      0.42"
"1","     0.54"
"1","     0  "
"1","      0   "
"1","      0   "
"1","     1   "
"1","      2   "
"1"," ‚ñá‚ñÅ‚ñÅ‚ñÖ‚ñÅ‚ñÅ‚ñÅ‚ñÅ"
"1","
"
"1","            Id"
"1","       0"
"1","       50"
"1"," 50"
"1","    791.78"
"1","   379.46"
"1","    46  "
"1","    469   "
"1","    807   "
"1","  1103.5 "
"1","   1446   "
"1"," ‚ñÇ‚ñÖ‚ñÖ‚ñá‚ñá‚ñÖ‚ñÜ‚ñÖ"
"1","
"
"1","  KitchenAbvGr"
"1","       0"
"1","       50"
"1"," 50"
"1","      1.02"
"1","     0.14"
"1","     1  "
"1","      1   "
"1","      1   "
"1","     1   "
"1","      2   "
"1"," ‚ñá‚ñÅ‚ñÅ‚ñÅ‚ñÅ‚ñÅ‚ñÅ‚ñÅ"
"1","
"
"1"," log_SalePrice"
"1","       0"
"1","       50"
"1"," 50"
"1","     12.04"
"1","     0.31"
"1","    11.2"
"1","     11.86"
"1","     12.07"
"1","    12.18"
"1","     12.74"
"1"," ‚ñÅ‚ñÅ‚ñÇ‚ñÖ‚ñá‚ñÖ‚ñÇ‚ñÇ"
"1","
"
"1","       LotArea"
"1","       0"
"1","       50"
"1"," 50"
"1","  10186.8 "
"1","  3867.55"
"1","  2280  "
"1","   7746.5 "
"1","   9635   "
"1"," 12055.5 "
"1","  21384   "
"1"," ‚ñÇ‚ñÇ‚ñá‚ñÜ‚ñÉ‚ñÇ‚ñÅ‚ñÇ"
"1","
"
"1","   LotFrontage"
"1","       6"
"1","       44"
"1"," 50"
"1","     75.64"
"1","    28.73"
"1","    24  "
"1","     59.75"
"1","     70   "
"1","    81.25"
"1","    149   "
"1"," ‚ñÇ‚ñÉ‚ñá‚ñÜ‚ñÇ‚ñÅ‚ñÅ‚ñÇ"
"1","
"
"1","  LowQualFinSF"
"1","       0"
"1","       50"
"1"," 50"
"1","      0   "
"1","     0   "
"1","     0  "
"1","      0   "
"1","      0   "
"1","     0   "
"1","      0   "
"1"," ‚ñÅ‚ñÅ‚ñÅ‚ñá‚ñÅ‚ñÅ‚ñÅ‚ñÅ"
"1","
"
"1","    MasVnrArea"
"1","       0"
"1","       50"
"1"," 50"
"1","    106.3 "
"1","   154.03"
"1","     0  "
"1","      0   "
"1","      0   "
"1","   183.5 "
"1","    571   "
"1"," ‚ñá‚ñÇ‚ñÅ‚ñÇ‚ñÅ‚ñÅ‚ñÅ‚ñÅ"
"1","
"
"1","       MiscVal"
"1","       0"
"1","       50"
"1"," 50"
"1","     40   "
"1","   207.02"
"1","     0  "
"1","      0   "
"1","      0   "
"1","     0   "
"1","   1300   "
"1"," ‚ñá‚ñÅ‚ñÅ‚ñÅ‚ñÅ‚ñÅ‚ñÅ‚ñÅ"
"1","
"
"1","        MoSold"
"1","       0"
"1","       50"
"1"," 50"
"1","      6   "
"1","     2.52"
"1","     1  "
"1","      4.25"
"1","      6   "
"1","     7   "
"1","     12   "
"1"," ‚ñÉ‚ñÉ‚ñá‚ñá‚ñÜ‚ñÜ‚ñÅ‚ñÇ"
"1","
"
"1","    MSSubClass"
"1","       0"
"1","       50"
"1"," 50"
"1","     56.9 "
"1","    35.28"
"1","    20  "
"1","     20   "
"1","     60   "
"1","    78.75"
"1","    160   "
"1"," ‚ñá‚ñÅ‚ñÜ‚ñÉ‚ñÅ‚ñÇ‚ñÅ‚ñÅ"
"1","
"
"1","   OpenPorchSF"
"1","       0"
"1","       50"
"1"," 50"
"1","     44.08"
"1","    64.9 "
"1","     0  "
"1","      0   "
"1","      0   "
"1","    74.5 "
"1","    312   "
"1"," ‚ñá‚ñÇ‚ñÇ‚ñÅ‚ñÅ‚ñÅ‚ñÅ‚ñÅ"
"1","
"
"1","   OverallCond"
"1","       0"
"1","       50"
"1"," 50"
"1","      5.54"
"1","     0.86"
"1","     5  "
"1","      5   "
"1","      5   "
"1","     6   "
"1","      8   "
"1"," ‚ñá‚ñÅ‚ñÇ‚ñÅ‚ñÅ‚ñÇ‚ñÅ‚ñÅ"
"1","
"
"1","   OverallQual"
"1","       0"
"1","       50"
"1"," 50"
"1","      6.26"
"1","     1.16"
"1","     4  "
"1","      5.25"
"1","      6   "
"1","     7   "
"1","      9   "
"1"," ‚ñÇ‚ñÖ‚ñÅ‚ñá‚ñá‚ñÅ‚ñÇ‚ñÅ"
"1","
"
"1","      PoolArea"
"1","       0"
"1","       50"
"1"," 50"
"1","      0   "
"1","     0   "
"1","     0  "
"1","      0   "
"1","      0   "
"1","     0   "
"1","      0   "
"1"," ‚ñÅ‚ñÅ‚ñÅ‚ñá‚ñÅ‚ñÅ‚ñÅ‚ñÅ"
"1","
"
"1","     SalePrice"
"1","       0"
"1","       50"
"1"," 50"
"1"," 177928.46"
"1"," 56038.12"
"1"," 73000  "
"1"," 141500   "
"1"," 175000   "
"1"," 2e+05   "
"1"," 342643   "
"1"," ‚ñÇ‚ñÖ‚ñá‚ñá‚ñÉ‚ñÅ‚ñÅ‚ñÇ"
"1","
"
"1","   ScreenPorch"
"1","       0"
"1","       50"
"1"," 50"
"1","     18.56"
"1","    60.26"
"1","     0  "
"1","      0   "
"1","      0   "
"1","     0   "
"1","    276   "
"1"," ‚ñá‚ñÅ‚ñÅ‚ñÅ‚ñÅ‚ñÅ‚ñÅ‚ñÅ"
"1","
"
"1","   SecondFlrSF"
"1","       0"
"1","       50"
"1"," 50"
"1","    325.6 "
"1","   416.53"
"1","     0  "
"1","      0   "
"1","      0   "
"1","   764.25"
"1","   1347   "
"1"," ‚ñá‚ñÅ‚ñÅ‚ñÅ‚ñÉ‚ñÅ‚ñÅ‚ñÅ"
"1","
"
"1"," ThirdSsnPorch"
"1","       0"
"1","       50"
"1"," 50"
"1","      0   "
"1","     0   "
"1","     0  "
"1","      0   "
"1","      0   "
"1","     0   "
"1","      0   "
"1"," ‚ñÅ‚ñÅ‚ñÅ‚ñá‚ñÅ‚ñÅ‚ñÅ‚ñÅ"
"1","
"
"1","   TotalBsmtSF"
"1","       0"
"1","       50"
"1"," 50"
"1","   1065.04"
"1","   372.49"
"1","     0  "
"1","    831.25"
"1","    964   "
"1","  1350.5 "
"1","   1836   "
"1"," ‚ñÅ‚ñÅ‚ñÅ‚ñá‚ñÉ‚ñÉ‚ñÉ‚ñÅ"
"1","
"
"1","  TotRmsAbvGrd"
"1","       0"
"1","       50"
"1"," 50"
"1","      6.36"
"1","     1.31"
"1","     4  "
"1","      6   "
"1","      6   "
"1","     7   "
"1","      9   "
"1"," ‚ñÇ‚ñÇ‚ñÅ‚ñá‚ñÉ‚ñÅ‚ñÉ‚ñÅ"
"1","
"
"1","    WoodDeckSF"
"1","       0"
"1","       50"
"1"," 50"
"1","     86.28"
"1","   114.12"
"1","     0  "
"1","      0   "
"1","      0   "
"1","   165   "
"1","    416   "
"1"," ‚ñá‚ñÅ‚ñÇ‚ñÇ‚ñÅ‚ñÅ‚ñÅ‚ñÅ"
"1","
"
"1","     YearBuilt"
"1","       0"
"1","       50"
"1"," 50"
"1","   1974.94"
"1","    27.11"
"1","  1915  "
"1","   1955   "
"1","   1976.5 "
"1","  2002.75"
"1","   2009   "
"1"," ‚ñÇ‚ñÅ‚ñÉ‚ñÇ‚ñÉ‚ñÉ‚ñÇ‚ñá"
"1","
"
"1","  YearRemodAdd"
"1","       0"
"1","       50"
"1"," 50"
"1","   1988.74"
"1","    18.89"
"1","  1950  "
"1","   1976   "
"1","   1999.5 "
"1","  2004.75"
"1","   2010   "
"1"," ‚ñÇ‚ñÇ‚ñÅ‚ñÉ‚ñÅ‚ñÅ‚ñÉ‚ñá"
"1","
"
"1","        YrSold"
"1","       0"
"1","       50"
"1"," 50"
"1","   2008.06"
"1","     1.48"
"1","  2006  "
"1","   2007   "
"1","   2008   "
"1","  2009   "
"1","   2010   "
"1"," ‚ñá‚ñá‚ñÅ‚ñÜ‚ñÅ‚ñÜ‚ñÅ‚ñá"
"1","
"
"0","skim(test)"
"1","Skim summary statistics
"
"1"," n obs:"
"1"," "
"1","1459"
"1"," "
"1","
"
"1"," n variables:"
"1"," "
"1","80"
"1"," "
"1","
"
"1","
"
"1","‚îÄ‚îÄ Variable type:character ‚îÄ‚îÄ‚îÄ‚îÄ‚îÄ‚îÄ‚îÄ‚îÄ‚îÄ‚îÄ‚îÄ‚îÄ‚îÄ‚îÄ‚îÄ‚îÄ‚îÄ‚îÄ‚îÄ‚îÄ‚îÄ‚îÄ‚îÄ‚îÄ‚îÄ‚îÄ‚îÄ‚îÄ‚îÄ‚îÄ‚îÄ‚îÄ‚îÄ‚îÄ‚îÄ‚îÄ‚îÄ‚îÄ‚îÄ‚îÄ‚îÄ‚îÄ‚îÄ‚îÄ‚îÄ‚îÄ‚îÄ‚îÄ‚îÄ‚îÄ‚îÄ‚îÄ‚îÄ‚îÄ‚îÄ‚îÄ‚îÄ‚îÄ‚îÄ‚îÄ‚îÄ‚îÄ‚îÄ‚îÄ‚îÄ‚îÄ‚îÄ‚îÄ‚îÄ‚îÄ‚îÄ‚îÄ‚îÄ‚îÄ‚îÄ‚îÄ‚îÄ‚îÄ‚îÄ‚îÄ‚îÄ‚îÄ‚îÄ‚îÄ‚îÄ"
"1","
"
"1","      variable"
"1"," missing"
"1"," complete"
"1","    n"
"1"," min"
"1"," max"
"1"," empty"
"1"," n_unique"
"1","
"
"1","         Alley"
"1","    1352"
"1","      107"
"1"," 1459"
"1","   4"
"1","   4"
"1","     0"
"1","        2"
"1","
"
"1","      BldgType"
"1","       0"
"1","     1459"
"1"," 1459"
"1","   4"
"1","   6"
"1","     0"
"1","        5"
"1","
"
"1","      BsmtCond"
"1","      45"
"1","     1414"
"1"," 1459"
"1","   2"
"1","   2"
"1","     0"
"1","        4"
"1","
"
"1","  BsmtExposure"
"1","      44"
"1","     1415"
"1"," 1459"
"1","   2"
"1","   2"
"1","     0"
"1","        4"
"1","
"
"1","  BsmtFinType1"
"1","      42"
"1","     1417"
"1"," 1459"
"1","   3"
"1","   3"
"1","     0"
"1","        6"
"1","
"
"1","  BsmtFinType2"
"1","      42"
"1","     1417"
"1"," 1459"
"1","   3"
"1","   3"
"1","     0"
"1","        6"
"1","
"
"1","      BsmtQual"
"1","      44"
"1","     1415"
"1"," 1459"
"1","   2"
"1","   2"
"1","     0"
"1","        4"
"1","
"
"1","    CentralAir"
"1","       0"
"1","     1459"
"1"," 1459"
"1","   1"
"1","   1"
"1","     0"
"1","        2"
"1","
"
"1","    Condition1"
"1","       0"
"1","     1459"
"1"," 1459"
"1","   4"
"1","   6"
"1","     0"
"1","        9"
"1","
"
"1","    Condition2"
"1","       0"
"1","     1459"
"1"," 1459"
"1","   4"
"1","   6"
"1","     0"
"1","        5"
"1","
"
"1","    Electrical"
"1","       0"
"1","     1459"
"1"," 1459"
"1","   5"
"1","   5"
"1","     0"
"1","        4"
"1","
"
"1","     ExterCond"
"1","       0"
"1","     1459"
"1"," 1459"
"1","   2"
"1","   2"
"1","     0"
"1","        5"
"1","
"
"1","   Exterior1st"
"1","       1"
"1","     1458"
"1"," 1459"
"1","   6"
"1","   7"
"1","     0"
"1","       13"
"1","
"
"1","   Exterior2nd"
"1","       1"
"1","     1458"
"1"," 1459"
"1","   5"
"1","   7"
"1","     0"
"1","       15"
"1","
"
"1","     ExterQual"
"1","       0"
"1","     1459"
"1"," 1459"
"1","   2"
"1","   2"
"1","     0"
"1","        4"
"1","
"
"1","         Fence"
"1","    1169"
"1","      290"
"1"," 1459"
"1","   4"
"1","   5"
"1","     0"
"1","        4"
"1","
"
"1","   FireplaceQu"
"1","     730"
"1","      729"
"1"," 1459"
"1","   2"
"1","   2"
"1","     0"
"1","        5"
"1","
"
"1","    Foundation"
"1","       0"
"1","     1459"
"1"," 1459"
"1","   4"
"1","   6"
"1","     0"
"1","        6"
"1","
"
"1","    Functional"
"1","       2"
"1","     1457"
"1"," 1459"
"1","   3"
"1","   4"
"1","     0"
"1","        7"
"1","
"
"1","    GarageCond"
"1","      78"
"1","     1381"
"1"," 1459"
"1","   2"
"1","   2"
"1","     0"
"1","        5"
"1","
"
"1","  GarageFinish"
"1","      78"
"1","     1381"
"1"," 1459"
"1","   3"
"1","   3"
"1","     0"
"1","        3"
"1","
"
"1","    GarageQual"
"1","      78"
"1","     1381"
"1"," 1459"
"1","   2"
"1","   2"
"1","     0"
"1","        4"
"1","
"
"1","    GarageType"
"1","      76"
"1","     1383"
"1"," 1459"
"1","   6"
"1","   7"
"1","     0"
"1","        6"
"1","
"
"1","       Heating"
"1","       0"
"1","     1459"
"1"," 1459"
"1","   4"
"1","   4"
"1","     0"
"1","        4"
"1","
"
"1","     HeatingQC"
"1","       0"
"1","     1459"
"1"," 1459"
"1","   2"
"1","   2"
"1","     0"
"1","        5"
"1","
"
"1","    HouseStyle"
"1","       0"
"1","     1459"
"1"," 1459"
"1","   4"
"1","   6"
"1","     0"
"1","        7"
"1","
"
"1","   KitchenQual"
"1","       1"
"1","     1458"
"1"," 1459"
"1","   2"
"1","   2"
"1","     0"
"1","        4"
"1","
"
"1","   LandContour"
"1","       0"
"1","     1459"
"1"," 1459"
"1","   3"
"1","   3"
"1","     0"
"1","        4"
"1","
"
"1","     LandSlope"
"1","       0"
"1","     1459"
"1"," 1459"
"1","   3"
"1","   3"
"1","     0"
"1","        3"
"1","
"
"1","     LotConfig"
"1","       0"
"1","     1459"
"1"," 1459"
"1","   3"
"1","   7"
"1","     0"
"1","        5"
"1","
"
"1","      LotShape"
"1","       0"
"1","     1459"
"1"," 1459"
"1","   3"
"1","   3"
"1","     0"
"1","        4"
"1","
"
"1","    MasVnrType"
"1","      16"
"1","     1443"
"1"," 1459"
"1","   4"
"1","   7"
"1","     0"
"1","        4"
"1","
"
"1","   MiscFeature"
"1","    1408"
"1","       51"
"1"," 1459"
"1","   4"
"1","   4"
"1","     0"
"1","        3"
"1","
"
"1","      MSZoning"
"1","       4"
"1","     1455"
"1"," 1459"
"1","   2"
"1","   7"
"1","     0"
"1","        5"
"1","
"
"1","  Neighborhood"
"1","       0"
"1","     1459"
"1"," 1459"
"1","   5"
"1","   7"
"1","     0"
"1","       25"
"1","
"
"1","    PavedDrive"
"1","       0"
"1","     1459"
"1"," 1459"
"1","   1"
"1","   1"
"1","     0"
"1","        3"
"1","
"
"1","        PoolQC"
"1","    1456"
"1","        3"
"1"," 1459"
"1","   2"
"1","   2"
"1","     0"
"1","        2"
"1","
"
"1","      RoofMatl"
"1","       0"
"1","     1459"
"1"," 1459"
"1","   7"
"1","   7"
"1","     0"
"1","        4"
"1","
"
"1","     RoofStyle"
"1","       0"
"1","     1459"
"1"," 1459"
"1","   3"
"1","   7"
"1","     0"
"1","        6"
"1","
"
"1"," SaleCondition"
"1","       0"
"1","     1459"
"1"," 1459"
"1","   6"
"1","   7"
"1","     0"
"1","        6"
"1","
"
"1","      SaleType"
"1","       1"
"1","     1458"
"1"," 1459"
"1","   2"
"1","   5"
"1","     0"
"1","        9"
"1","
"
"1","        Street"
"1","       0"
"1","     1459"
"1"," 1459"
"1","   4"
"1","   4"
"1","     0"
"1","        2"
"1","
"
"1","     Utilities"
"1","       2"
"1","     1457"
"1"," 1459"
"1","   6"
"1","   6"
"1","     0"
"1","        1"
"1","
"
"1","
"
"1","‚îÄ‚îÄ Variable type:numeric ‚îÄ‚îÄ‚îÄ‚îÄ‚îÄ‚îÄ‚îÄ‚îÄ‚îÄ‚îÄ‚îÄ‚îÄ‚îÄ‚îÄ‚îÄ‚îÄ‚îÄ‚îÄ‚îÄ‚îÄ‚îÄ‚îÄ‚îÄ‚îÄ‚îÄ‚îÄ‚îÄ‚îÄ‚îÄ‚îÄ‚îÄ‚îÄ‚îÄ‚îÄ‚îÄ‚îÄ‚îÄ‚îÄ‚îÄ‚îÄ‚îÄ‚îÄ‚îÄ‚îÄ‚îÄ‚îÄ‚îÄ‚îÄ‚îÄ‚îÄ‚îÄ‚îÄ‚îÄ‚îÄ‚îÄ‚îÄ‚îÄ‚îÄ‚îÄ‚îÄ‚îÄ‚îÄ‚îÄ‚îÄ‚îÄ‚îÄ‚îÄ‚îÄ‚îÄ‚îÄ‚îÄ‚îÄ‚îÄ‚îÄ‚îÄ‚îÄ‚îÄ‚îÄ‚îÄ‚îÄ‚îÄ‚îÄ‚îÄ‚îÄ‚îÄ‚îÄ‚îÄ"
"1","
"
"1","      variable"
"1"," missing"
"1"," complete"
"1","    n"
"1","     mean"
"1","      sd"
"1","   p0"
"1","     p25"
"1","    p50"
"1","      p75"
"1","  p100"
"1","     hist"
"1","
"
"1","  BedroomAbvGr"
"1","       0"
"1","     1459"
"1"," 1459"
"1","    2.85 "
"1","    0.83"
"1","    0"
"1","    2   "
"1","    3  "
"1","     3   "
"1","     6"
"1"," ‚ñÅ‚ñÅ‚ñÉ‚ñá‚ñÅ‚ñÇ‚ñÅ‚ñÅ"
"1","
"
"1","    BsmtFinSF1"
"1","       1"
"1","     1458"
"1"," 1459"
"1","  439.2  "
"1","  455.27"
"1","    0"
"1","    0   "
"1","  350.5"
"1","   753.5 "
"1","  4010"
"1"," ‚ñá‚ñÉ‚ñÅ‚ñÅ‚ñÅ‚ñÅ‚ñÅ‚ñÅ"
"1","
"
"1","    BsmtFinSF2"
"1","       1"
"1","     1458"
"1"," 1459"
"1","   52.62 "
"1","  176.75"
"1","    0"
"1","    0   "
"1","    0  "
"1","     0   "
"1","  1526"
"1"," ‚ñá‚ñÅ‚ñÅ‚ñÅ‚ñÅ‚ñÅ‚ñÅ‚ñÅ"
"1","
"
"1","  BsmtFullBath"
"1","       2"
"1","     1457"
"1"," 1459"
"1","    0.43 "
"1","    0.53"
"1","    0"
"1","    0   "
"1","    0  "
"1","     1   "
"1","     3"
"1"," ‚ñá‚ñÅ‚ñÜ‚ñÅ‚ñÅ‚ñÅ‚ñÅ‚ñÅ"
"1","
"
"1","  BsmtHalfBath"
"1","       2"
"1","     1457"
"1"," 1459"
"1","    0.065"
"1","    0.25"
"1","    0"
"1","    0   "
"1","    0  "
"1","     0   "
"1","     2"
"1"," ‚ñá‚ñÅ‚ñÅ‚ñÅ‚ñÅ‚ñÅ‚ñÅ‚ñÅ"
"1","
"
"1","     BsmtUnfSF"
"1","       1"
"1","     1458"
"1"," 1459"
"1","  554.29 "
"1","  437.26"
"1","    0"
"1","  219.25"
"1","  460  "
"1","   797.75"
"1","  2140"
"1"," ‚ñá‚ñá‚ñÖ‚ñÉ‚ñÇ‚ñÅ‚ñÅ‚ñÅ"
"1","
"
"1"," EnclosedPorch"
"1","       0"
"1","     1459"
"1"," 1459"
"1","   24.24 "
"1","   67.23"
"1","    0"
"1","    0   "
"1","    0  "
"1","     0   "
"1","  1012"
"1"," ‚ñá‚ñÅ‚ñÅ‚ñÅ‚ñÅ‚ñÅ‚ñÅ‚ñÅ"
"1","
"
"1","    Fireplaces"
"1","       0"
"1","     1459"
"1"," 1459"
"1","    0.58 "
"1","    0.65"
"1","    0"
"1","    0   "
"1","    0  "
"1","     1   "
"1","     4"
"1"," ‚ñá‚ñá‚ñÅ‚ñÅ‚ñÅ‚ñÅ‚ñÅ‚ñÅ"
"1","
"
"1","    FirstFlrSF"
"1","       0"
"1","     1459"
"1"," 1459"
"1"," 1156.53 "
"1","  398.17"
"1","  407"
"1","  873.5 "
"1"," 1079  "
"1","  1382.5 "
"1","  5095"
"1"," ‚ñá‚ñá‚ñÇ‚ñÅ‚ñÅ‚ñÅ‚ñÅ‚ñÅ"
"1","
"
"1","      FullBath"
"1","       0"
"1","     1459"
"1"," 1459"
"1","    1.57 "
"1","    0.56"
"1","    0"
"1","    1   "
"1","    2  "
"1","     2   "
"1","     4"
"1"," ‚ñÅ‚ñá‚ñÅ‚ñá‚ñÅ‚ñÅ‚ñÅ‚ñÅ"
"1","
"
"1","    GarageArea"
"1","       1"
"1","     1458"
"1"," 1459"
"1","  472.77 "
"1","  217.05"
"1","    0"
"1","  318   "
"1","  480  "
"1","   576   "
"1","  1488"
"1"," ‚ñÅ‚ñÖ‚ñá‚ñÖ‚ñÇ‚ñÅ‚ñÅ‚ñÅ"
"1","
"
"1","    GarageCars"
"1","       1"
"1","     1458"
"1"," 1459"
"1","    1.77 "
"1","    0.78"
"1","    0"
"1","    1   "
"1","    2  "
"1","     2   "
"1","     5"
"1"," ‚ñÅ‚ñÖ‚ñÅ‚ñá‚ñÇ‚ñÅ‚ñÅ‚ñÅ"
"1","
"
"1","   GarageYrBlt"
"1","      78"
"1","     1381"
"1"," 1459"
"1"," 1977.72 "
"1","   26.43"
"1"," 1895"
"1"," 1959   "
"1"," 1979  "
"1","  2002   "
"1","  2207"
"1"," ‚ñÅ‚ñÖ‚ñá‚ñÅ‚ñÅ‚ñÅ‚ñÅ‚ñÅ"
"1","
"
"1","     GrLivArea"
"1","       0"
"1","     1459"
"1"," 1459"
"1"," 1486.05 "
"1","  485.57"
"1","  407"
"1"," 1117.5 "
"1"," 1432  "
"1","  1721   "
"1","  5095"
"1"," ‚ñÇ‚ñá‚ñÖ‚ñÅ‚ñÅ‚ñÅ‚ñÅ‚ñÅ"
"1","
"
"1","      HalfBath"
"1","       0"
"1","     1459"
"1"," 1459"
"1","    0.38 "
"1","    0.5 "
"1","    0"
"1","    0   "
"1","    0  "
"1","     1   "
"1","     2"
"1"," ‚ñá‚ñÅ‚ñÅ‚ñÖ‚ñÅ‚ñÅ‚ñÅ‚ñÅ"
"1","
"
"1","            Id"
"1","       0"
"1","     1459"
"1"," 1459"
"1"," 2190    "
"1","  421.32"
"1"," 1461"
"1"," 1825.5 "
"1"," 2190  "
"1","  2554.5 "
"1","  2919"
"1"," ‚ñá‚ñá‚ñá‚ñá‚ñá‚ñá‚ñá‚ñá"
"1","
"
"1","  KitchenAbvGr"
"1","       0"
"1","     1459"
"1"," 1459"
"1","    1.04 "
"1","    0.21"
"1","    0"
"1","    1   "
"1","    1  "
"1","     1   "
"1","     2"
"1"," ‚ñÅ‚ñÅ‚ñÅ‚ñá‚ñÅ‚ñÅ‚ñÅ‚ñÅ"
"1","
"
"1","       LotArea"
"1","       0"
"1","     1459"
"1"," 1459"
"1"," 9819.16 "
"1"," 4955.52"
"1"," 1470"
"1"," 7391   "
"1"," 9399  "
"1"," 11517.5 "
"1"," 56600"
"1"," ‚ñÖ‚ñá‚ñÅ‚ñÅ‚ñÅ‚ñÅ‚ñÅ‚ñÅ"
"1","
"
"1","   LotFrontage"
"1","     227"
"1","     1232"
"1"," 1459"
"1","   68.58 "
"1","   22.38"
"1","   21"
"1","   58   "
"1","   67  "
"1","    80   "
"1","   200"
"1"," ‚ñÇ‚ñá‚ñá‚ñÇ‚ñÅ‚ñÅ‚ñÅ‚ñÅ"
"1","
"
"1","  LowQualFinSF"
"1","       0"
"1","     1459"
"1"," 1459"
"1","    3.54 "
"1","   44.04"
"1","    0"
"1","    0   "
"1","    0  "
"1","     0   "
"1","  1064"
"1"," ‚ñá‚ñÅ‚ñÅ‚ñÅ‚ñÅ‚ñÅ‚ñÅ‚ñÅ"
"1","
"
"1","    MasVnrArea"
"1","      15"
"1","     1444"
"1"," 1459"
"1","  100.71 "
"1","  177.63"
"1","    0"
"1","    0   "
"1","    0  "
"1","   164   "
"1","  1290"
"1"," ‚ñá‚ñÇ‚ñÅ‚ñÅ‚ñÅ‚ñÅ‚ñÅ‚ñÅ"
"1","
"
"1","       MiscVal"
"1","       0"
"1","     1459"
"1"," 1459"
"1","   58.17 "
"1","  630.81"
"1","    0"
"1","    0   "
"1","    0  "
"1","     0   "
"1"," 17000"
"1"," ‚ñá‚ñÅ‚ñÅ‚ñÅ‚ñÅ‚ñÅ‚ñÅ‚ñÅ"
"1","
"
"1","        MoSold"
"1","       0"
"1","     1459"
"1"," 1459"
"1","    6.1  "
"1","    2.72"
"1","    1"
"1","    4   "
"1","    6  "
"1","     8   "
"1","    12"
"1"," ‚ñÉ‚ñÉ‚ñá‚ñÜ‚ñÖ‚ñÖ‚ñÇ‚ñÇ"
"1","
"
"1","    MSSubClass"
"1","       0"
"1","     1459"
"1"," 1459"
"1","   57.38 "
"1","   42.75"
"1","   20"
"1","   20   "
"1","   50  "
"1","    70   "
"1","   190"
"1"," ‚ñá‚ñÜ‚ñÇ‚ñÅ‚ñÅ‚ñÅ‚ñÅ‚ñÅ"
"1","
"
"1","   OpenPorchSF"
"1","       0"
"1","     1459"
"1"," 1459"
"1","   48.31 "
"1","   68.88"
"1","    0"
"1","    0   "
"1","   28  "
"1","    72   "
"1","   742"
"1"," ‚ñá‚ñÅ‚ñÅ‚ñÅ‚ñÅ‚ñÅ‚ñÅ‚ñÅ"
"1","
"
"1","   OverallCond"
"1","       0"
"1","     1459"
"1"," 1459"
"1","    5.55 "
"1","    1.11"
"1","    1"
"1","    5   "
"1","    5  "
"1","     6   "
"1","     9"
"1"," ‚ñÅ‚ñÅ‚ñÅ‚ñá‚ñÉ‚ñÇ‚ñÅ‚ñÅ"
"1","
"
"1","   OverallQual"
"1","       0"
"1","     1459"
"1"," 1459"
"1","    6.08 "
"1","    1.44"
"1","    1"
"1","    5   "
"1","    6  "
"1","     7   "
"1","    10"
"1"," ‚ñÅ‚ñÅ‚ñÇ‚ñá‚ñá‚ñÖ‚ñÉ‚ñÇ"
"1","
"
"1","      PoolArea"
"1","       0"
"1","     1459"
"1"," 1459"
"1","    1.74 "
"1","   30.49"
"1","    0"
"1","    0   "
"1","    0  "
"1","     0   "
"1","   800"
"1"," ‚ñá‚ñÅ‚ñÅ‚ñÅ‚ñÅ‚ñÅ‚ñÅ‚ñÅ"
"1","
"
"1","   ScreenPorch"
"1","       0"
"1","     1459"
"1"," 1459"
"1","   17.06 "
"1","   56.61"
"1","    0"
"1","    0   "
"1","    0  "
"1","     0   "
"1","   576"
"1"," ‚ñá‚ñÅ‚ñÅ‚ñÅ‚ñÅ‚ñÅ‚ñÅ‚ñÅ"
"1","
"
"1","   SecondFlrSF"
"1","       0"
"1","     1459"
"1"," 1459"
"1","  325.97 "
"1","  420.61"
"1","    0"
"1","    0   "
"1","    0  "
"1","   676   "
"1","  1862"
"1"," ‚ñá‚ñÅ‚ñÇ‚ñÇ‚ñÅ‚ñÅ‚ñÅ‚ñÅ"
"1","
"
"1"," ThirdSsnPorch"
"1","       0"
"1","     1459"
"1"," 1459"
"1","    1.79 "
"1","   20.21"
"1","    0"
"1","    0   "
"1","    0  "
"1","     0   "
"1","   360"
"1"," ‚ñá‚ñÅ‚ñÅ‚ñÅ‚ñÅ‚ñÅ‚ñÅ‚ñÅ"
"1","
"
"1","   TotalBsmtSF"
"1","       1"
"1","     1458"
"1"," 1459"
"1"," 1046.12 "
"1","  442.9 "
"1","    0"
"1","  784   "
"1","  988  "
"1","  1305   "
"1","  5095"
"1"," ‚ñÇ‚ñá‚ñÉ‚ñÅ‚ñÅ‚ñÅ‚ñÅ‚ñÅ"
"1","
"
"1","  TotRmsAbvGrd"
"1","       0"
"1","     1459"
"1"," 1459"
"1","    6.39 "
"1","    1.51"
"1","    3"
"1","    5   "
"1","    6  "
"1","     7   "
"1","    15"
"1"," ‚ñÅ‚ñá‚ñÉ‚ñÇ‚ñÅ‚ñÅ‚ñÅ‚ñÅ"
"1","
"
"1","    WoodDeckSF"
"1","       0"
"1","     1459"
"1"," 1459"
"1","   93.17 "
"1","  127.74"
"1","    0"
"1","    0   "
"1","    0  "
"1","   168   "
"1","  1424"
"1"," ‚ñá‚ñÇ‚ñÅ‚ñÅ‚ñÅ‚ñÅ‚ñÅ‚ñÅ"
"1","
"
"1","     YearBuilt"
"1","       0"
"1","     1459"
"1"," 1459"
"1"," 1971.36 "
"1","   30.39"
"1"," 1879"
"1"," 1953   "
"1"," 1973  "
"1","  2001   "
"1","  2010"
"1"," ‚ñÅ‚ñÅ‚ñÇ‚ñÇ‚ñÉ‚ñÖ‚ñÇ‚ñá"
"1","
"
"1","  YearRemodAdd"
"1","       0"
"1","     1459"
"1"," 1459"
"1"," 1983.66 "
"1","   21.13"
"1"," 1950"
"1"," 1963   "
"1"," 1992  "
"1","  2004   "
"1","  2010"
"1"," ‚ñÖ‚ñÇ‚ñÇ‚ñÇ‚ñÅ‚ñÇ‚ñÖ‚ñá"
"1","
"
"1","        YrSold"
"1","       0"
"1","     1459"
"1"," 1459"
"1"," 2007.77 "
"1","    1.3 "
"1"," 2006"
"1"," 2007   "
"1"," 2008  "
"1","  2009   "
"1","  2010"
"1"," ‚ñá‚ñá‚ñÅ‚ñá‚ñÅ‚ñá‚ñÅ‚ñÉ"
"1","
"
